{"cameraMode":{"drawMode":0,"name":"Shaded","section":"Shading Mode"},"sceneLighting":true,"audioPlay":false,"sceneViewState":{"m_AlwaysRefresh":false,"showFog":true,"showSkybox":true,"showFlares":true,"showImageEffects":true,"showParticleSystems":true,"showVisualEffectGraphs":true,"m_FxEnabled":true},"in2DMode":false,"pivot":{"x":-5.288464546203613,"y":1.170805811882019,"z":6.257902145385742},"rotation":{"x":0.08027318120002747,"y":0.15189805626869203,"z":-0.012373863719403744,"w":0.9850828647613525},"size":2.7049131393432619,"orthographic":false}